"id";"code";"name";"description";"is_system";"is_active";"search_index";"parent_id"
"1";"1";"Books";"Books";"0";"1";"books";"0"
"2";"2";"Video Games";"Video Games";"0";"1";"video games";"0"
"3";"3";"Beauty";"Beauty";"0";"1";"beauty";"0"
"4";"4";"Furniture";"Furniture";"0";"1";"furniture";"0"
"5";"5";"Watches";"Watches";"0";"1";"watches";"0"
"6";"6";"Health & Personal Care";"Health & Personal Care";"0";"1";"health personal care";"0"
"7";"7";"Toys & Games";"Toys & Games";"0";"1";"toys games";"0"
"8";"8";"Software";"Software";"0";"1";"software";"0"
"9";"9";"Jewellery";"Jewellery";"0";"1";"jewellery";"0"
"10";"10";"PlayStation 4";"PlayStation 4";"0";"1";"playstation 4";"2"
"11";"11";"Computers & Accessories";"Computers & Accessories";"0";"1";"computers accessories";"0"
"12";"12";"Music";"Music";"0";"1";"music";"0"
"13";"13";"Electronics";"Electronics";"0";"1";"electronics";"0"
"14";"14";"Movies & TV Shows";"Movies & TV Shows";"0";"1";"movies tv shows";"0"
"15";"15";"Movies";"Movies";"0";"1";"movies";"14"
"16";"16";"Accessories";"Accessories";"0";"1";"accessories";"13"
"17";"17";"Sports, Fitness & Outdoors";"Sports, Fitness & Outdoors";"0";"1";"sports fitness outdoors";"0"
"18";"18";"Luggage & Bags";"Luggage & Bags";"0";"1";"luggage bags";"0"
"19";"19";"Games";"Games";"0";"1";"games";"10"
"20";"20";"Action & Adventure";"Action & Adventure";"0";"1";"action adventure";"1"
"21";"21";"Women";"Women";"0";"1";"women";"9"
"22";"22";"Accounting & Finance";"Accounting & Finance";"0";"1";"accounting finance";"8"
"23";"23";"Accessories";"Accessories";"0";"1";"accessories";"5"
"24";"24";"Bath & Shower";"Bath & Shower";"0";"1";"bath shower";"6"
"25";"25";"Business Accounting";"Business Accounting";"0";"1";"business accounting";"22"
"26";"26";"Bedroom Furniture";"Bedroom Furniture";"0";"1";"bedroom furniture";"4"
"27";"27";"Personal Finance";"Personal Finance";"0";"1";"personal finance";"22"
"28";"28";"Action & Toy Figures";"Action & Toy Figures";"0";"1";"action toy figures";"7"
"29";"29";"Shoes & Handbags";"Shoes & Handbags";"0";"1";"shoes h bags";"0"
"30";"30";"Kindle Store";"Kindle Store";"0";"1";"kindle store";"0"
"31";"31";"Accessories";"Accessories";"0";"1";"accessories";"28"
"32";"32";"Shoes";"Shoes";"0";"1";"shoes";"29"
"33";"33";"Baby";"Baby";"0";"1";"baby";"0"
"34";"34";"Clothing & Accessories";"Clothing & Accessories";"0";"1";"clothing accessories";"0"
"35";"35";"Women's Shoes";"Women's Shoes";"0";"1";"women s shoes";"32"
"36";"36";"Bendables";"Bendables";"0";"1";"bendables";"28"
"37";"37";"Kindle eBooks";"Kindle eBooks";"0";"1";"kindle ebooks";"30"
"38";"38";"Bedroom Wardrobes";"Bedroom Wardrobes";"0";"1";"bedroom wardrobes";"26"
"39";"39";"Beds, Frames & Bases";"Beds, Frames & Bases";"0";"1";"beds frames bases";"26"
"40";"40";"Antivirus & Security";"Antivirus & Security";"0";"1";"antivirus security";"8"
"41";"41";"Bath Additives";"Bath Additives";"0";"1";"bath additives";"24"
"42";"42";"Antivirus";"Antivirus";"0";"1";"antivirus";"40"
"43";"43";"Watch Boxes";"Watch Boxes";"0";"1";"watch boxes";"23"
"44";"44";"Watchbands";"Watchbands";"0";"1";"watchb s";"23"
"45";"45";"Earrings";"Earrings";"0";"1";"earrings";"21"
"46";"46";"Accessories";"Accessories";"0";"1";"accessories";"17"
"47";"47";"Bags & Backpacks";"Bags & Backpacks";"0";"1";"bags backpacks";"18"
"48";"48";"Arts, Film & Photography";"Arts, Film & Photography";"0";"1";"arts film photography";"1"
"49";"49";"Sports Sunglasses";"Sports Sunglasses";"0";"1";"sports sunglasses";"46"
"50";"50";"Consoles";"Consoles";"0";"1";"consoles";"10"
"51";"51";"Blank Media";"Blank Media";"0";"1";"blank media";"16"
"52";"52";"Accessories";"Accessories";"0";"1";"accessories";"10"
"53";"53";"Office Products";"Office Products";"0";"1";"office products";"0"
"54";"54";"Bath & Body";"Bath & Body";"0";"1";"bath body";"3"
"55";"55";"BD-R";"BD-R";"0";"1";"bd-r";"51"
"56";"56";"Batteries & Chargers";"Batteries & Chargers";"0";"1";"batteries chargers";"52"
"57";"57";"TV Shows";"TV Shows";"0";"1";"tv shows";"14"
"58";"58";"Cables & Adapters";"Cables & Adapters";"0";"1";"cables adapters";"52"
"59";"59";"Accessories & Peripherals";"Accessories & Peripherals";"0";"1";"accessories peripherals";"11"
"60";"60";"Alternative & Indie";"Alternative & Indie";"0";"1";"alternative indie";"12"
"61";"61";"Cases & Storage";"Cases & Storage";"0";"1";"cases storage";"52"
"62";"62";"Bhangra";"Bhangra";"0";"1";"bhangra";"12"
"63";"63";"Lawn & Garden";"Lawn & Garden";"0";"1";"lawn garden";"0"
"64";"64";"Blues";"Blues";"0";"1";"blues";"12"
"65";"65";"Bath Additives";"Bath Additives";"0";"1";"bath additives";"54"
"66";"66";"Comedy & Spoken Word";"Comedy & Spoken Word";"0";"1";"comedy spoken word";"12"
"67";"67";"Art & Craft Supplies";"Art & Craft Supplies";"0";"1";"art craft supplies";"53"
"68";"68";"BD-RE";"BD-RE";"0";"1";"bd-re";"51"
"69";"69";"Architecture";"Architecture";"0";"1";"architecture";"48"
"70";"70";"CD-R";"CD-R";"0";"1";"cd-r";"51"
"71";"71";"Cinema & Broadcast";"Cinema & Broadcast";"0";"1";"cinema broadcast";"48"
"72";"72";"Water Bottles & Shakers";"Water Bottles & Shakers";"0";"1";"water bottles shakers";"46"
"73";"73";"Backpacks";"Backpacks";"0";"1";"backpacks";"47"
"74";"74";"Necklaces";"Necklaces";"0";"1";"necklaces";"21"
"75";"75";"Men";"Men";"0";"1";"men";"5"
"76";"76";"Bangles & Bracelets";"Bangles & Bracelets";"0";"1";"bangles bracelets";"21"
"77";"77";"Bath Bombs";"Bath Bombs";"0";"1";"bath bombs";"41"
"78";"78";"Security Suites";"Security Suites";"0";"1";"security suites";"40"
"79";"79";"Bedside Tables";"Bedside Tables";"0";"1";"bedside tables";"26"
"80";"80";"Action & Adventure";"Action & Adventure";"0";"1";"action adventure";"37"
"81";"81";"Ballerinas";"Ballerinas";"0";"1";"ballerinas";"35"
"82";"82";"Bobbleheads";"Bobbleheads";"0";"1";"bobbleheads";"28"
"83";"83";"Women";"Women";"0";"1";"women";"34"
"84";"84";"Playsets";"Playsets";"0";"1";"playsets";"28"
"85";"85";"Activity & Play Time";"Activity & Play Time";"0";"1";"activity play time";"33"
"86";"86";"Props & Replicas";"Props & Replicas";"0";"1";"props replicas";"28"
"87";"87";"Western Wear";"Western Wear";"0";"1";"western wear";"83"
"88";"88";"Door Bouncers";"Door Bouncers";"0";"1";"door bouncers";"85"
"89";"89";"Boots";"Boots";"0";"1";"boots";"35"
"90";"90";"Arts, Film & Photography";"Arts, Film & Photography";"0";"1";"arts film photography";"37"
"91";"91";"Dressers & Chests of Drawers";"Dressers & Chests of Drawers";"0";"1";"dressers chests of drawers";"26"
"92";"92";"Business & Office";"Business & Office";"0";"1";"business office";"8"
"93";"93";"Dressing Tables";"Dressing Tables";"0";"1";"dressing tables";"26"
"94";"94";"Bath Pearls & Flakes";"Bath Pearls & Flakes";"0";"1";"bath pearls flakes";"41"
"95";"95";"Rings";"Rings";"0";"1";"rings";"21"
"96";"96";"Women";"Women";"0";"1";"women";"5"
"97";"97";"Casual Backpacks";"Casual Backpacks";"0";"1";"casual backpacks";"73"
"98";"98";"Archery";"Archery";"0";"1";"archery";"17"
"99";"99";"Dance";"Dance";"0";"1";"dance";"48"
"100";"100";"CD-RW";"CD-RW";"0";"1";"cd-rw";"51"
"101";"101";"Adhesives";"Adhesives";"0";"1";"adhesives";"67"
"102";"102";"Bath Bombs";"Bath Bombs";"0";"1";"bath bombs";"65"
"103";"103";"Country";"Country";"0";"1";"country";"12"
"104";"104";"Categories";"Categories";"0";"1";"categories";"63"
"105";"105";"Adapters";"Adapters";"0";"1";"adapters";"59"
"106";"106";"Audio & Video Accessories";"Audio & Video Accessories";"0";"1";"audio video accessories";"59"
"107";"107";"Controllers";"Controllers";"0";"1";"controllers";"52"
"108";"108";"Backyard Birding Supplies";"Backyard Birding Supplies";"0";"1";"backyard birding supplies";"104"
"109";"109";"Dance & Electronic";"Dance & Electronic";"0";"1";"dance electronic";"12"
"110";"110";"Bath Pearls & Flakes";"Bath Pearls & Flakes";"0";"1";"bath pearls flakes";"65"
"111";"111";"Adhesive Sheets";"Adhesive Sheets";"0";"1";"adhesive sheets";"101"
"112";"112";"Arrows & Bolts";"Arrows & Bolts";"0";"1";"arrows bolts";"98"
"113";"113";"DVD+R";"DVD+R";"0";"1";"dvd+r";"51"
"114";"114";"Design & Fashion";"Design & Fashion";"0";"1";"design fashion";"48"
"115";"115";"DVD+RW";"DVD+RW";"0";"1";"dvd+rw";"51"
"116";"116";"Rucksacks";"Rucksacks";"0";"1";"rucksacks";"73"
"117";"117";"Boys";"Boys";"0";"1";"boys";"5"
"118";"118";"Pendants";"Pendants";"0";"1";"pendants";"21"
"119";"119";"Bubble Bath";"Bubble Bath";"0";"1";"bubble bath";"41"
"120";"120";"Business Tools Training";"Business Tools Training";"0";"1";"business tools training";"92"
"121";"121";"Mattresses & Box Springs";"Mattresses & Box Springs";"0";"1";"mattresses box springs";"26"
"122";"122";"Architecture";"Architecture";"0";"1";"architecture";"90"
"123";"123";"Tops, Tees & Shirts";"Tops, Tees & Shirts";"0";"1";"tops tees shirts";"87"
"124";"124";"Casual Shoes";"Casual Shoes";"0";"1";"casual shoes";"35"
"125";"125";"Playmats & Floor Gyms";"Playmats & Floor Gyms";"0";"1";"playmats floor gyms";"85"
"126";"126";"Statues, Maquettes & Busts";"Statues, Maquettes & Busts";"0";"1";"statues maquettes busts";"28"
"127";"127";"Polos";"Polos";"0";"1";"polos";"123"
"128";"128";"Cinema & Broadcast";"Cinema & Broadcast";"0";"1";"cinema broadcast";"90"
"129";"129";"Garden & Outdoor Furniture";"Garden & Outdoor Furniture";"0";"1";"garden outdoor furniture";"4"
"130";"130";"Communication";"Communication";"0";"1";"communication";"92"
"131";"131";"Bath Salts";"Bath Salts";"0";"1";"bath salts";"41"
"132";"132";"Precious Coins & Bars";"Precious Coins & Bars";"0";"1";"precious coins bars";"21"
"133";"133";"Bath Oils";"Bath Oils";"0";"1";"bath oils";"41"
"134";"134";"Girls";"Girls";"0";"1";"girls";"5"
"135";"135";"Laptop Backpacks";"Laptop Backpacks";"0";"1";"laptop backpacks";"73"
"136";"136";"DVD-R";"DVD-R";"0";"1";"dvd-r";"51"
"137";"137";"Crossbow Bolts";"Crossbow Bolts";"0";"1";"crossbow bolts";"112"
"138";"138";"History, Theory & Criticism";"History, Theory & Criticism";"0";"1";"history theory criticism";"48"
"139";"139";"Adhesive Sprays";"Adhesive Sprays";"0";"1";"adhesive sprays";"101"
"140";"140";"Bubble Bath";"Bubble Bath";"0";"1";"bubble bath";"65"
"141";"141";"Devotional & Spiritual";"Devotional & Spiritual";"0";"1";"devotional spiritual";"12"
"142";"142";"Bath Salts";"Bath Salts";"0";"1";"bath salts";"65"
"143";"143";"Bird Feeders";"Bird Feeders";"0";"1";"bird feeders";"108"
"144";"144";"Bath Oils";"Bath Oils";"0";"1";"bath oils";"65"
"145";"145";"PC Headsets";"PC Headsets";"0";"1";"pc headsets";"106"
"146";"146";"Headsets";"Headsets";"0";"1";"headsets";"52"
"147";"147";"Tub Tea";"Tub Tea";"0";"1";"tub tea";"65"
"148";"148";"Skins";"Skins";"0";"1";"skins";"52"
"149";"149";"Bird Food";"Bird Food";"0";"1";"bird food";"108"
"150";"150";"Easy Listening";"Easy Listening";"0";"1";"easy listening";"12"
"151";"151";"Adhesive Waxing";"Adhesive Waxing";"0";"1";"adhesive waxing";"101"
"152";"152";"Film Songs";"Film Songs";"0";"1";"film songs";"12"
"153";"153";"Museums & Museology";"Museums & Museology";"0";"1";"museums museology";"48"
"154";"154";"Targeting Arrows";"Targeting Arrows";"0";"1";"targeting arrows";"112"
"155";"155";"DVD-RAM";"DVD-RAM";"0";"1";"dvd-ram";"51"
"156";"156";"Nappy Backpacks";"Nappy Backpacks";"0";"1";"nappy backpacks";"73"
"157";"157";"Home & Kitchen";"Home & Kitchen";"0";"1";"home kitchen";"0"
"158";"158";"Tub Tea";"Tub Tea";"0";"1";"tub tea";"41"
"159";"159";"Voice Recognition";"Voice Recognition";"0";"1";"voice recognition";"130"
"160";"160";"Bathing Accessories";"Bathing Accessories";"0";"1";"bathing accessories";"24"
"161";"161";"Jewellery Sets";"Jewellery Sets";"0";"1";"jewellery sets";"21"
"162";"162";"Hammocks, Swing Chairs & Accessories";"Hammocks, Swing Chairs & Accessories";"0";"1";"hammocks swing chairs accessories";"129"
"163";"163";"Bath Brushes";"Bath Brushes";"0";"1";"bath brushes";"160"
"164";"164";"Dance";"Dance";"0";"1";"dance";"90"
"165";"165";"Loofahs";"Loofahs";"0";"1";"loofahs";"160"
"166";"166";"Shirts";"Shirts";"0";"1";"shirts";"123"
"167";"167";"Toy Figures";"Toy Figures";"0";"1";"toy figures";"28"
"168";"168";"Boat Shoes";"Boat Shoes";"0";"1";"boat shoes";"124"
"169";"169";"Swings, Bouncers & Rockers";"Swings, Bouncers & Rockers";"0";"1";"swings bouncers rockers";"85"
"170";"170";"Tees";"Tees";"0";"1";"tees";"123"
"171";"171";"Loafers & Moccasins";"Loafers & Moccasins";"0";"1";"loafers moccasins";"124"
"172";"172";"Arts & Crafts";"Arts & Crafts";"0";"1";"arts crafts";"7"
"173";"173";"Shower Caps";"Shower Caps";"0";"1";"shower caps";"160"
"174";"174";"Design & Fashion";"Design & Fashion";"0";"1";"design fashion";"90"
"175";"175";"Hammocks";"Hammocks";"0";"1";"hammocks";"162"
"176";"176";"History, Theory & Criticism";"History, Theory & Criticism";"0";"1";"history theory criticism";"90"
"177";"177";"Swing Chairs";"Swing Chairs";"0";"1";"swing chairs";"162"
"178";"178";"Museums & Museology";"Museums & Museology";"0";"1";"museums museology";"90"
"179";"179";"Mangalsutras & Tanmaniyas";"Mangalsutras & Tanmaniyas";"0";"1";"mangalsutras tanmaniyas";"21"
"180";"180";"Music";"Music";"0";"1";"music";"90"
"181";"181";"Backyard Birding Supplies";"Backyard Birding Supplies";"0";"1";"backyard birding supplies";"157"
"182";"182";"Office Suites";"Office Suites";"0";"1";"office suites";"92"
"183";"183";"Bag Organizers";"Bag Organizers";"0";"1";"bag organizers";"47"
"184";"184";"DVD-RW";"DVD-RW";"0";"1";"dvd-rw";"51"
"185";"185";"Briefcases";"Briefcases";"0";"1";"briefcases";"47"
"186";"186";"Bow Slings";"Bow Slings";"0";"1";"bow slings";"98"
"187";"187";"Music";"Music";"0";"1";"music";"48"
"188";"188";"Bows";"Bows";"0";"1";"bows";"98"
"189";"189";"Painting";"Painting";"0";"1";"painting";"48"
"190";"190";"Folk & Songwriter";"Folk & Songwriter";"0";"1";"folk songwriter";"12"
"191";"191";"Art Glues";"Art Glues";"0";"1";"art glues";"101"
"192";"192";"Indian Folk";"Indian Folk";"0";"1";"indian folk";"190"
"193";"193";"Art Pastes";"Art Pastes";"0";"1";"art pastes";"101"
"194";"194";"Ghazals";"Ghazals";"0";"1";"ghazals";"12"
"195";"195";"Gospel";"Gospel";"0";"1";"gospel";"12"
"196";"196";"Hard Rock & Metal";"Hard Rock & Metal";"0";"1";"hard rock metal";"12"
"197";"197";"Healing & Meditation";"Healing & Meditation";"0";"1";"healing meditation";"12"
"198";"198";"Birdbaths";"Birdbaths";"0";"1";"birdbaths";"108"
"199";"199";"Thumb Grips";"Thumb Grips";"0";"1";"thumb grips";"52"
"200";"200";"Bathing Accessories";"Bathing Accessories";"0";"1";"bathing accessories";"54"
"201";"201";"PC Microphones";"PC Microphones";"0";"1";"pc microphones";"106"
"202";"202";"Xbox One";"Xbox One";"0";"1";"xbox one";"2"
"203";"203";"Barbecue & Outdoor Dining";"Barbecue & Outdoor Dining";"0";"1";"barbecue outdoor dining";"104"
"204";"204";"Games";"Games";"0";"1";"games";"202"
"205";"205";"PC Speakers";"PC Speakers";"0";"1";"pc speakers";"106"
"206";"206";"Webcams";"Webcams";"0";"1";"webcams";"106"
"207";"207";"Holiday & Religious";"Holiday & Religious";"0";"1";"holiday religious";"12"
"208";"208";"Blank Media";"Blank Media";"0";"1";"blank media";"59"
"209";"209";"Arts & Crafts Tape";"Arts & Crafts Tape";"0";"1";"arts crafts tape";"101"
"210";"210";"Basic Bows";"Basic Bows";"0";"1";"basic bows";"188"
"211";"211";"Photography";"Photography";"0";"1";"photography";"48"
"212";"212";"Fabric Adhesives";"Fabric Adhesives";"0";"1";"fabric adhesives";"101"
"213";"213";"Canvas & Beach Tote Bags";"Canvas & Beach Tote Bags";"0";"1";"canvas beach tote bags";"47"
"214";"214";"Mini DVD";"Mini DVD";"0";"1";"mini dvd";"51"
"215";"215";"Voice Recognition";"Voice Recognition";"0";"1";"voice recognition";"92"
"216";"216";"Bird Feeders";"Bird Feeders";"0";"1";"bird feeders";"181"
"217";"217";"Mangalsutras";"Mangalsutras";"0";"1";"mangalsutras";"179"
"218";"218";"Children's Software";"Children's Software";"0";"1";"children s software";"8"
"219";"219";"Painting";"Painting";"0";"1";"painting";"90"
"220";"220";"Patio Benches & Stools";"Patio Benches & Stools";"0";"1";"patio benches stools";"129"
"221";"221";"Aprons & Smocks";"Aprons & Smocks";"0";"1";"aprons smocks";"172"
"222";"222";"Sponges";"Sponges";"0";"1";"sponges";"160"
"223";"223";"Sneakers";"Sneakers";"0";"1";"sneakers";"124"
"224";"224";"Jumpers";"Jumpers";"0";"1";"jumpers";"169"
"225";"225";"Clogs";"Clogs";"0";"1";"clogs";"35"
"226";"226";"Tank Tops";"Tank Tops";"0";"1";"tank tops";"123"
"227";"227";"Bath Sets & Kits";"Bath Sets & Kits";"0";"1";"bath sets kits";"24"
"228";"228";"Blackboards & Whiteboards";"Blackboards & Whiteboards";"0";"1";"blackboards whiteboards";"172"
"229";"229";"Patio Chairs";"Patio Chairs";"0";"1";"patio chairs";"129"
"230";"230";"Early Learning";"Early Learning";"0";"1";"early learning";"218"
"231";"231";"Photography";"Photography";"0";"1";"photography";"90"
"232";"232";"Tanmaniyas";"Tanmaniyas";"0";"1";"tanmaniyas";"179"
"233";"233";"Bird Food";"Bird Food";"0";"1";"bird food";"181"
"234";"234";"Camera & Photo Accessories";"Camera & Photo Accessories";"0";"1";"camera photo accessories";"16"
"235";"235";"Coin Purses & Pouches";"Coin Purses & Pouches";"0";"1";"coin purses pouches";"47"
"236";"236";"Sculpture";"Sculpture";"0";"1";"sculpture";"48"
"237";"237";"Glue Sticks & Pens";"Glue Sticks & Pens";"0";"1";"glue sticks pens";"101"
"238";"238";"Gym Bags";"Gym Bags";"0";"1";"gym bags";"47"
"239";"239";"Compound Bows";"Compound Bows";"0";"1";"compound bows";"188"
"240";"240";"BD-R";"BD-R";"0";"1";"bd-r";"208"
"241";"241";"Christian Pop & Rock";"Christian Pop & Rock";"0";"1";"christian pop rock";"207"
"242";"242";"Barbecue & Smoker Accessories";"Barbecue & Smoker Accessories";"0";"1";"barbecue smoker accessories";"203"
"243";"243";"Consoles";"Consoles";"0";"1";"consoles";"202"
"244";"244";"Bath Brushes";"Bath Brushes";"0";"1";"bath brushes";"200"
"245";"245";"Christmas Music";"Christmas Music";"0";"1";"christmas music";"207"
"246";"246";"BD-RE";"BD-RE";"0";"1";"bd-re";"208"
"247";"247";"Loofahs";"Loofahs";"0";"1";"loofahs";"200"
"248";"248";"Crossbows";"Crossbows";"0";"1";"crossbows";"188"
"249";"249";"Laptop Bags";"Laptop Bags";"0";"1";"laptop bags";"47"
"250";"250";"Hot Glue Sticks";"Hot Glue Sticks";"0";"1";"hot glue sticks";"101"
"251";"251";"Batteries & Chargers";"Batteries & Chargers";"0";"1";"batteries chargers";"234"
"252";"252";"Theatre & Spectacles";"Theatre & Spectacles";"0";"1";"theatre spectacles";"48"
"253";"253";"Birdbaths";"Birdbaths";"0";"1";"birdbaths";"181"
"254";"254";"Folding Chairs";"Folding Chairs";"0";"1";"folding chairs";"229"
"255";"255";"Nose Rings & Pins";"Nose Rings & Pins";"0";"1";"nose rings pins";"21"
"256";"256";"Rocking Chairs";"Rocking Chairs";"0";"1";"rocking chairs";"229"
"257";"257";"Theatre & Spectacles";"Theatre & Spectacles";"0";"1";"theatre spectacles";"90"
"258";"258";"Rattan, Bamboo, Casted & Moulded Chairs";"Rattan, Bamboo, Casted & Moulded Chairs";"0";"1";"rattan bamboo casted moulded chairs";"229"
"259";"259";"Mathematics";"Mathematics";"0";"1";"mathematics";"218"
"260";"260";"Clay & Dough";"Clay & Dough";"0";"1";"clay dough";"172"
"261";"261";"Body Scrubs";"Body Scrubs";"0";"1";"body scrubs";"24"
"262";"262";"Tops";"Tops";"0";"1";"tops";"123"
"263";"263";"Colouring Books & Pads";"Colouring Books & Pads";"0";"1";"colouring books pads";"172"
"264";"264";"Ethnic Footwear";"Ethnic Footwear";"0";"1";"ethnic footwear";"35"
"265";"265";"Swings";"Swings";"0";"1";"swings";"169"
"266";"266";"Dresses";"Dresses";"0";"1";"dresses";"87"
"267";"267";"Body Washes";"Body Washes";"0";"1";"body washes";"24"
"268";"268";"Reading & Language";"Reading & Language";"0";"1";"reading language";"218"
"269";"269";"Patio Furniture Sets";"Patio Furniture Sets";"0";"1";"patio furniture sets";"129"
"270";"270";"Biographies, Diaries & True Accounts";"Biographies, Diaries & True Accounts";"0";"1";"biographies diaries true accounts";"37"
"271";"271";"Nose Pins";"Nose Pins";"0";"1";"nose pins";"255"
"272";"272";"Adapters";"Adapters";"0";"1";"adapters";"251"
"273";"273";"Barbecue & Outdoor Dining";"Barbecue & Outdoor Dining";"0";"1";"barbecue outdoor dining";"157"
"274";"274";"Biographies, Diaries & True Accounts";"Biographies, Diaries & True Accounts";"0";"1";"biographies diaries true accounts";"1"
"275";"275";"Biographies & Autobiographies";"Biographies & Autobiographies";"0";"1";"biographies autobiographies";"270"
"276";"276";"Laptop Backpacks";"Laptop Backpacks";"0";"1";"laptop backpacks";"249"
"277";"277";"Barbecue & Smoker Accessories";"Barbecue & Smoker Accessories";"0";"1";"barbecue smoker accessories";"273"
"278";"278";"Biographies & Autobiographies";"Biographies & Autobiographies";"0";"1";"biographies autobiographies";"274"
"279";"279";"Mounting Adhesive Systems";"Mounting Adhesive Systems";"0";"1";"mounting adhesive systems";"101"
"280";"280";"Longbows";"Longbows";"0";"1";"longbows";"188"
"281";"281";"Diaries, Letters & Journals";"Diaries, Letters & Journals";"0";"1";"diaries letters journals";"274"
"282";"282";"Barbecue Aprons";"Barbecue Aprons";"0";"1";"barbecue aprons";"277"
"283";"283";"Shower Caps";"Shower Caps";"0";"1";"shower caps";"200"
"284";"284";"CD-R";"CD-R";"0";"1";"cd-r";"208"
"285";"285";"Barbecue Brushes";"Barbecue Brushes";"0";"1";"barbecue brushes";"277"
"286";"286";"Sponges";"Sponges";"0";"1";"sponges";"200"
"287";"287";"Indi Pop";"Indi Pop";"0";"1";"indi pop";"12"
"288";"288";"Barbecue Cleaning Products";"Barbecue Cleaning Products";"0";"1";"barbecue cleaning products";"277"
"289";"289";"Barbecue Aprons";"Barbecue Aprons";"0";"1";"barbecue aprons";"242"
"290";"290";"Accessories";"Accessories";"0";"1";"accessories";"202"
"291";"291";"Barbecue Brushes";"Barbecue Brushes";"0";"1";"barbecue brushes";"242"
"292";"292";"Barbecue Cooking Grates";"Barbecue Cooking Grates";"0";"1";"barbecue cooking grates";"277"
"293";"293";"Indian Classical";"Indian Classical";"0";"1";"indian classical";"12"
"294";"294";"Bath Sets & Kits";"Bath Sets & Kits";"0";"1";"bath sets kits";"54"
"295";"295";"Barbecue Cookware";"Barbecue Cookware";"0";"1";"barbecue cookware";"277"
"296";"296";"CD-RW";"CD-RW";"0";"1";"cd-rw";"208"
"297";"297";"Body Scrubs";"Body Scrubs";"0";"1";"body scrubs";"54"
"298";"298";"Carnatic Instrumental";"Carnatic Instrumental";"0";"1";"carnatic instrumental";"293"
"299";"299";"True Accounts";"True Accounts";"0";"1";"true accounts";"274"
"300";"300";"Recurve Bows";"Recurve Bows";"0";"1";"recurve bows";"188"
"301";"301";"Boards";"Boards";"0";"1";"boards";"67"
"302";"302";"Laptop Briefcases";"Laptop Briefcases";"0";"1";"laptop briefcases";"249"
"303";"303";"Diaries, Letters & Journals";"Diaries, Letters & Journals";"0";"1";"diaries letters journals";"270"
"304";"304";"Batteries";"Batteries";"0";"1";"batteries";"251"
"305";"305";"Laptop Messenger Bags";"Laptop Messenger Bags";"0";"1";"laptop messenger bags";"249"
"306";"306";"Nose Rings";"Nose Rings";"0";"1";"nose rings";"255"
"307";"307";"Patio Sofas";"Patio Sofas";"0";"1";"patio sofas";"129"
"308";"308";"Body Wash Gels";"Body Wash Gels";"0";"1";"body wash gels";"267"
"309";"309";"Education & Reference";"Education & Reference";"0";"1";"education reference";"8"
"310";"310";"Trousers";"Trousers";"0";"1";"trousers";"87"
"311";"311";"Toddler Toys";"Toddler Toys";"0";"1";"toddler toys";"85"
"312";"312";"Fashion Sandals";"Fashion Sandals";"0";"1";"fashion s als";"35"
"313";"313";"Craft Kits";"Craft Kits";"0";"1";"craft kits";"172"
"314";"314";"Arts";"Arts";"0";"1";"arts";"309"
"315";"315";"Body Wash Oils";"Body Wash Oils";"0";"1";"body wash oils";"267"
"316";"316";"Patio Umbrellas, Canopies & Shade";"Patio Umbrellas, Canopies & Shade";"0";"1";"patio umbrellas canopies shade";"129"
"317";"317";"Deodorants & Antiperspirants";"Deodorants & Antiperspirants";"0";"1";"deodorants antiperspirants";"24"
"318";"318";"Hair Jewellery";"Hair Jewellery";"0";"1";"hair jewellery";"21"
"319";"319";"Camcorder Batteries";"Camcorder Batteries";"0";"1";"camcorder batteries";"304"
"320";"320";"Soaps";"Soaps";"0";"1";"soaps";"24"
"321";"321";"Laptop Roller Cases";"Laptop Roller Cases";"0";"1";"laptop roller cases";"249"
"322";"322";"Camera Batteries";"Camera Batteries";"0";"1";"camera batteries";"304"
"323";"323";"Beauty Tools & Accessories";"Beauty Tools & Accessories";"0";"1";"beauty tools accessories";"6"
"324";"324";"Messenger Bags";"Messenger Bags";"0";"1";"messenger bags";"47"
"325";"325";"True Accounts";"True Accounts";"0";"1";"true accounts";"270"
"326";"326";"Clayboard";"Clayboard";"0";"1";"clayboard";"301"
"327";"327";"Bowstrings";"Bowstrings";"0";"1";"bowstrings";"98"
"328";"328";"Business & Economics";"Business & Economics";"0";"1";"business economics";"1"
"329";"329";"Carnatic Vocal";"Carnatic Vocal";"0";"1";"carnatic vocal";"293"
"330";"330";"Barbecue Griddles";"Barbecue Griddles";"0";"1";"barbecue griddles";"295"
"331";"331";"Body Washes";"Body Washes";"0";"1";"body washes";"54"
"332";"332";"Hindustani Instrumental";"Hindustani Instrumental";"0";"1";"hindustani instrumental";"293"
"333";"333";"Pizza Barbecue Stones";"Pizza Barbecue Stones";"0";"1";"pizza barbecue stones";"295"
"334";"334";"DVD+R";"DVD+R";"0";"1";"dvd+r";"208"
"335";"335";"Batteries & Chargers";"Batteries & Chargers";"0";"1";"batteries chargers";"290"
"336";"336";"Body Wash Gels";"Body Wash Gels";"0";"1";"body wash gels";"331"
"337";"337";"DVD+RW";"DVD+RW";"0";"1";"dvd+rw";"208"
"338";"338";"Barbecue Cleaning Products";"Barbecue Cleaning Products";"0";"1";"barbecue cleaning products";"242"
"339";"339";"Cables & Adapters";"Cables & Adapters";"0";"1";"cables adapters";"290"
"340";"340";"Barbecue Grids";"Barbecue Grids";"0";"1";"barbecue grids";"277"
"341";"341";"Hindustani Vocal";"Hindustani Vocal";"0";"1";"hindustani vocal";"293"
"342";"342";"Business Self-Help";"Business Self-Help";"0";"1";"business self-help";"328"
"343";"343";"Cocking Devices";"Cocking Devices";"0";"1";"cocking devices";"98"
"344";"344";"Gessoboard";"Gessoboard";"0";"1";"gessoboard";"301"
"345";"345";"Bags & Cases";"Bags & Cases";"0";"1";"bags cases";"323"
"346";"346";"Crossbow Scopes";"Crossbow Scopes";"0";"1";"crossbow scopes";"98"
"347";"347";"Business & Economics";"Business & Economics";"0";"1";"business economics";"37"
"348";"348";"Finger Tabs";"Finger Tabs";"0";"1";"finger tabs";"98"
"349";"349";"Cosmetic Bags";"Cosmetic Bags";"0";"1";"cosmetic bags";"345"
"350";"350";"Nappy Bags";"Nappy Bags";"0";"1";"nappy bags";"47"
"351";"351";"Business, Strategy & Management";"Business, Strategy & Management";"0";"1";"business strategy management";"347"
"352";"352";"Battery Chargers";"Battery Chargers";"0";"1";"battery chargers";"251"
"353";"353";"School Bags";"School Bags";"0";"1";"school bags";"47"
"354";"354";"Economics";"Economics";"0";"1";"economics";"347"
"355";"355";"Calibration Charts & Grey Cards";"Calibration Charts & Grey Cards";"0";"1";"calibration charts grey cards";"234"
"356";"356";"Bands";"Bands";"0";"1";"b s";"318"
"357";"357";"Canopies";"Canopies";"0";"1";"canopies";"316"
"358";"358";"Beads";"Beads";"0";"1";"beads";"313"
"359";"359";"Activity Play Centres";"Activity Play Centres";"0";"1";"activity play centres";"311"
"360";"360";"Business & Professional";"Business & Professional";"0";"1";"business professional";"309"
"361";"361";"Casual Trousers";"Casual Trousers";"0";"1";"casual trousers";"310"
"362";"362";"Fashion Slippers";"Fashion Slippers";"0";"1";"fashion slippers";"35"
"363";"363";"Encyclopedias";"Encyclopedias";"0";"1";"encyclopedias";"309"
"364";"364";"Children's Knitting & Textile Design";"Children's Knitting & Textile Design";"0";"1";"children s knitting textile design";"313"
"365";"365";"Patio Umbrellas";"Patio Umbrellas";"0";"1";"patio umbrellas";"316"
"366";"366";"Clips";"Clips";"0";"1";"clips";"318"
"367";"367";"Colour Calibration Charts";"Colour Calibration Charts";"0";"1";"colour calibration charts";"355"
"368";"368";"Industries & Business Sectors";"Industries & Business Sectors";"0";"1";"industries business sectors";"347"
"369";"369";"Waist Bags";"Waist Bags";"0";"1";"waist bags";"47"
"370";"370";"Make-Up Pouches";"Make-Up Pouches";"0";"1";"make-up pouches";"345"
"371";"371";"Fletches";"Fletches";"0";"1";"fletches";"98"
"372";"372";"Belts";"Belts";"0";"1";"belts";"18"
"373";"373";"Hardboard";"Hardboard";"0";"1";"hardboard";"301"
"374";"374";"Business, Strategy & Management";"Business, Strategy & Management";"0";"1";"business strategy management";"328"
"375";"375";"Jazz";"Jazz";"0";"1";"jazz";"12"
"376";"376";"Barbecue Mitts";"Barbecue Mitts";"0";"1";"barbecue mitts";"277"
"377";"377";"Cases & Protectors";"Cases & Protectors";"0";"1";"cases protectors";"290"
"378";"378";"Barbecue Cooking Grates";"Barbecue Cooking Grates";"0";"1";"barbecue cooking grates";"242"
"379";"379";"DVD-R";"DVD-R";"0";"1";"dvd-r";"208"
"380";"380";"Body Wash Oils";"Body Wash Oils";"0";"1";"body wash oils";"331"
"381";"381";"Barbecue Cookware";"Barbecue Cookware";"0";"1";"barbecue cookware";"242"
"382";"382";"Controllers";"Controllers";"0";"1";"controllers";"290"
"383";"383";"Barbecue Thermometers";"Barbecue Thermometers";"0";"1";"barbecue thermometers";"277"
"384";"384";"Kids' Music & Radio Plays";"Kids' Music & Radio Plays";"0";"1";"kids music radio plays";"12"
"385";"385";"Men's Belts";"Men's Belts";"0";"1";"men s belts";"372"
"386";"386";"Economics";"Economics";"0";"1";"economics";"328"
"387";"387";"Pastelboard";"Pastelboard";"0";"1";"pastelboard";"301"
"388";"388";"Kisser Buttons";"Kisser Buttons";"0";"1";"kisser buttons";"98"
"389";"389";"Refillable Containers";"Refillable Containers";"0";"1";"refillable containers";"345"
"390";"390";"Calendars";"Calendars";"0";"1";"calendars";"37"
"391";"391";"Nocks";"Nocks";"0";"1";"nocks";"98"
"392";"392";"Toiletry Kits & Bags";"Toiletry Kits & Bags";"0";"1";"toiletry kits bags";"345"
"393";"393";"Grey Cards";"Grey Cards";"0";"1";"grey cards";"355"
"394";"394";"Combs";"Combs";"0";"1";"combs";"318"
"395";"395";"Sunloungers";"Sunloungers";"0";"1";"sunloungers";"129"
"396";"396";"Children's Weaving";"Children's Weaving";"0";"1";"children s weaving";"313"
"397";"397";"Exam Preparation";"Exam Preparation";"0";"1";"exam preparation";"309"
"398";"398";"Flip-Flops & House Slippers";"Flip-Flops & House Slippers";"0";"1";"flip-flops house slippers";"35"
"399";"399";"Formal Trousers";"Formal Trousers";"0";"1";"formal trousers";"310"
"400";"400";"Baby Toys";"Baby Toys";"0";"1";"baby toys";"311"
"401";"401";"Floaters & Sports Sandals";"Floaters & Sports Sandals";"0";"1";"floaters sports s als";"35"
"402";"402";"Banking & Insurance";"Banking & Insurance";"0";"1";"banking insurance";"397"
"403";"403";"Formal Shoes";"Formal Shoes";"0";"1";"formal shoes";"35"
"404";"404";"Fake Food Makers";"Fake Food Makers";"0";"1";"fake food makers";"313"
"405";"405";"Tables";"Tables";"0";"1";"tables";"129"
"406";"406";"Pumps";"Pumps";"0";"1";"pumps";"35"
"407";"407";"Pins";"Pins";"0";"1";"pins";"318"
"408";"408";"Patio Coffee Tables";"Patio Coffee Tables";"0";"1";"patio coffee tables";"405"
"409";"409";"Lens Calibration Charts";"Lens Calibration Charts";"0";"1";"lens calibration charts";"355"
"410";"410";"Train Cases";"Train Cases";"0";"1";"train cases";"345"
"411";"411";"Protective Gear";"Protective Gear";"0";"1";"protective gear";"98"
"412";"412";"Banks & Banking";"Banks & Banking";"0";"1";"banks banking";"386"
"413";"413";"Children & Young Adults";"Children & Young Adults";"0";"1";"children young adults";"37"
"414";"414";"Commerce";"Commerce";"0";"1";"commerce";"386"
"415";"415";"Commercial Policy";"Commercial Policy";"0";"1";"commercial policy";"386"
"416";"416";"Adventure";"Adventure";"0";"1";"adventure";"413"
"417";"417";"Comparative";"Comparative";"0";"1";"comparative";"386"
"418";"418";"Comics & Mangas";"Comics & Mangas";"0";"1";"comics mangas";"413"
"419";"419";"Crafts, Hobbies & Practical Interests";"Crafts, Hobbies & Practical Interests";"0";"1";"crafts hobbies practical interests";"413"
"420";"420";"Bathing Accessories";"Bathing Accessories";"0";"1";"bathing accessories";"323"
"421";"421";"Wood Art Boards";"Wood Art Boards";"0";"1";"wood art boards";"301"
"422";"422";"Canvas";"Canvas";"0";"1";"canvas";"67"
"423";"423";"Banner & Sign Cloth";"Banner & Sign Cloth";"0";"1";"banner sign cloth";"422"
"424";"424";"Canvas Pads";"Canvas Pads";"0";"1";"canvas pads";"422"
"425";"425";"Canvas Panels";"Canvas Panels";"0";"1";"canvas panels";"422"
"426";"426";"Canvas Tools & Accessories";"Canvas Tools & Accessories";"0";"1";"canvas tools accessories";"422"
"427";"427";"Bath Brushes";"Bath Brushes";"0";"1";"bath brushes";"420"
"428";"428";"Pre-Stretched Canvas";"Pre-Stretched Canvas";"0";"1";"pre-stretched canvas";"422"
"429";"429";"Loofahs";"Loofahs";"0";"1";"loofahs";"420"
"430";"430";"Rolled Canvas";"Rolled Canvas";"0";"1";"rolled canvas";"422"
"431";"431";"Children's Music";"Children's Music";"0";"1";"children s music";"384"
"432";"432";"Women's Belts";"Women's Belts";"0";"1";"women s belts";"372"
"433";"433";"Cutting Tools";"Cutting Tools";"0";"1";"cutting tools";"67"
"434";"434";"Barbecue Utensils";"Barbecue Utensils";"0";"1";"barbecue utensils";"273"
"435";"435";"Handbags & Clutches";"Handbags & Clutches";"0";"1";"h bags clutches";"18"
"436";"436";"Art Blades";"Art Blades";"0";"1";"art blades";"433"
"437";"437";"Barbecue Skewers";"Barbecue Skewers";"0";"1";"barbecue skewers";"434"
"438";"438";"Barbecue Griddles";"Barbecue Griddles";"0";"1";"barbecue griddles";"381"
"439";"439";"Skins";"Skins";"0";"1";"skins";"290"
"440";"440";"Deodorants & Antiperspirants";"Deodorants & Antiperspirants";"0";"1";"deodorants antiperspirants";"54"
"441";"441";"DVD-RAM";"DVD-RAM";"0";"1";"dvd-ram";"208"
"442";"442";"Soaps";"Soaps";"0";"1";"soaps";"54"
"443";"443";"DVD-RW";"DVD-RW";"0";"1";"dvd-rw";"208"
"444";"444";"Fragrance";"Fragrance";"0";"1";"fragrance";"3"
"445";"445";"Floppy Disks";"Floppy Disks";"0";"1";"floppy disks";"208"
"446";"446";"Pizza Barbecue Stones";"Pizza Barbecue Stones";"0";"1";"pizza barbecue stones";"381"
"447";"447";"Thumb Grips";"Thumb Grips";"0";"1";"thumb grips";"290"
"448";"448";"Barbecue Tongs";"Barbecue Tongs";"0";"1";"barbecue tongs";"434"
"449";"449";"Barbecue Grids";"Barbecue Grids";"0";"1";"barbecue grids";"242"
"450";"450";"Backpack Handbags";"Backpack Handbags";"0";"1";"backpack h bags";"435"
"451";"451";"Art Knives";"Art Knives";"0";"1";"art knives";"433"
"452";"452";"Children's Classical Music";"Children's Classical Music";"0";"1";"children s classical music";"384"
"453";"453";"Shower Caps";"Shower Caps";"0";"1";"shower caps";"420"
"454";"454";"Radio Plays";"Radio Plays";"0";"1";"radio plays";"384"
"455";"455";"Crime & Thriller";"Crime & Thriller";"0";"1";"crime thriller";"413"
"456";"456";"Development & Growth";"Development & Growth";"0";"1";"development growth";"386"
"457";"457";"Quivers";"Quivers";"0";"1";"quivers";"98"
"458";"458";"Camcorder & Video Accessories";"Camcorder & Video Accessories";"0";"1";"camcorder video accessories";"234"
"459";"459";"Patio Dining Tables";"Patio Dining Tables";"0";"1";"patio dining tables";"405"
"460";"460";"Targets";"Targets";"0";"1";"targets";"98"
"461";"461";"Patio Side Tables";"Patio Side Tables";"0";"1";"patio side tables";"405"
"462";"462";"Tiaras";"Tiaras";"0";"1";"tiaras";"318"
"463";"463";"Sport Shoes";"Sport Shoes";"0";"1";"sport shoes";"35"
"464";"464";"Glass Arts & Sun Catchers";"Glass Arts & Sun Catchers";"0";"1";"glass arts sun catchers";"313"
"465";"465";"Defence";"Defence";"0";"1";"defence";"397"
"466";"466";"Jewellery";"Jewellery";"0";"1";"jewellery";"313"
"467";"467";"Baby Balls";"Baby Balls";"0";"1";"baby balls";"400"
"468";"468";"Paint by Number Kits";"Paint by Number Kits";"0";"1";"paint by number kits";"313"
"469";"469";"Jeans";"Jeans";"0";"1";"jeans";"87"
"470";"470";"Painting Craft Kits";"Painting Craft Kits";"0";"1";"painting craft kits";"313"
"471";"471";"Mirrors";"Mirrors";"0";"1";"mirrors";"400"
"472";"472";"Engineering Entrance";"Engineering Entrance";"0";"1";"engineering entrance";"397"
"473";"473";"Music Boxes";"Music Boxes";"0";"1";"music boxes";"400"
"474";"474";"Bowling Shoes";"Bowling Shoes";"0";"1";"bowling shoes";"463"
"475";"475";"Rattles & Plush Rings";"Rattles & Plush Rings";"0";"1";"rattles plush rings";"400"
"476";"476";"Accessories";"Accessories";"0";"1";"accessories";"21"
"477";"477";"Stroller Toys";"Stroller Toys";"0";"1";"stroller toys";"400"
"478";"478";"Picnic Tables";"Picnic Tables";"0";"1";"picnic tables";"405"
"479";"479";"Hallway Furniture";"Hallway Furniture";"0";"1";"hallway furniture";"4"
"480";"480";"Badminton";"Badminton";"0";"1";"badminton";"17"
"481";"481";"Camcorder Batteries";"Camcorder Batteries";"0";"1";"camcorder batteries";"458"
"482";"482";"Econometrics";"Econometrics";"0";"1";"econometrics";"386"
"483";"483";"Chargers";"Chargers";"0";"1";"chargers";"458"
"484";"484";"Economic Conditions";"Economic Conditions";"0";"1";"economic conditions";"386"
"485";"485";"Early Learning";"Early Learning";"0";"1";"early learning";"413"
"486";"486";"Lounge & Fusion";"Lounge & Fusion";"0";"1";"lounge fusion";"12"
"487";"487";"Sponges";"Sponges";"0";"1";"sponges";"420"
"488";"488";"Cutting Rails";"Cutting Rails";"0";"1";"cutting rails";"433"
"489";"489";"Clutches";"Clutches";"0";"1";"clutches";"435"
"490";"490";"Barbecue Turners";"Barbecue Turners";"0";"1";"barbecue turners";"434"
"491";"491";"Barbecue Mitts";"Barbecue Mitts";"0";"1";"barbecue mitts";"242"
"492";"492";"Barbecues";"Barbecues";"0";"1";"barbecues";"273"
"493";"493";"PlayStation 3";"PlayStation 3";"0";"1";"playstation 3";"2"
"494";"494";"Beekeeping Equipment";"Beekeeping Equipment";"0";"1";"beekeeping equipment";"157"
"495";"495";"Deodrants & Roll-ons";"Deodrants & Roll-ons";"0";"1";"deodrants roll-ons";"444"
"496";"496";"Mini DVD";"Mini DVD";"0";"1";"mini dvd";"208"
"497";"497";"Eau de Toilette";"Eau de Toilette";"0";"1";"eau de toilette";"444"
"498";"498";"Bee Protective Gear";"Bee Protective Gear";"0";"1";"bee protective gear";"494"
"499";"499";"Games";"Games";"0";"1";"games";"493"
"500";"500";"Barbecue Thermometers";"Barbecue Thermometers";"0";"1";"barbecue thermometers";"242"
"501";"501";"Beekeeping Tools";"Beekeeping Tools";"0";"1";"beekeeping tools";"494"
"502";"502";"Consoles";"Consoles";"0";"1";"consoles";"493"
"503";"503";"Handbags";"Handbags";"0";"1";"h bags";"435"
"504";"504";"Glass Cutting Tools";"Glass Cutting Tools";"0";"1";"glass cutting tools";"433"
"505";"505";"Cotton & Swabs";"Cotton & Swabs";"0";"1";"cotton swabs";"323"
"506";"506";"Pop";"Pop";"0";"1";"pop";"12"
"507";"507";"Family, Personal & Social Issues";"Family, Personal & Social Issues";"0";"1";"family personal social issues";"413"
"508";"508";"R&B & Soul";"R&B & Soul";"0";"1";"r b soul";"12"
"509";"509";"Economic History";"Economic History";"0";"1";"economic history";"386"
"510";"510";"HDMI Cables";"HDMI Cables";"0";"1";"hdmi cables";"458"
"511";"511";"Rabindra Sangeet";"Rabindra Sangeet";"0";"1";"rabindra sangeet";"12"
"512";"512";"Chest of Drawers";"Chest of Drawers";"0";"1";"chest of drawers";"479"
"513";"513";"Rap & Hip-Hop";"Rap & Hip-Hop";"0";"1";"rap hip-hop";"12"
"514";"514";"Complete Sets";"Complete Sets";"0";"1";"complete sets";"480"
"515";"515";"Key Cabinets";"Key Cabinets";"0";"1";"key cabinets";"479"
"516";"516";"Boxes & Organisers";"Boxes & Organisers";"0";"1";"boxes organisers";"476"
"517";"517";"Bath Toys";"Bath Toys";"0";"1";"bath toys";"311"
"518";"518";"Dance Shoes";"Dance Shoes";"0";"1";"dance shoes";"463"
"519";"519";"Bricks & Blocks";"Bricks & Blocks";"0";"1";"bricks blocks";"311"
"520";"520";"Armoires";"Armoires";"0";"1";"armoires";"516"
"521";"521";"Football Shoes";"Football Shoes";"0";"1";"football shoes";"463"
"522";"522";"Counting Frames";"Counting Frames";"0";"1";"counting frames";"311"
"523";"523";"Exams by UPSC";"Exams by UPSC";"0";"1";"exams by upsc";"397"
"524";"524";"Paper Craft";"Paper Craft";"0";"1";"paper craft";"313"
"525";"525";"Leggings";"Leggings";"0";"1";"leggings";"87"
"526";"526";"Finance & Accounting";"Finance & Accounting";"0";"1";"finance accounting";"397"
"527";"527";"Hammering & Nailing Toys";"Hammering & Nailing Toys";"0";"1";"hammering nailing toys";"311"
"528";"528";"Boxes";"Boxes";"0";"1";"boxes";"516"
"529";"529";"Golf Shoes";"Golf Shoes";"0";"1";"golf shoes";"463"
"530";"530";"Hobbyhorses";"Hobbyhorses";"0";"1";"hobbyhorses";"311"
"531";"531";"Chests";"Chests";"0";"1";"chests";"516"
"532";"532";"Mirrors";"Mirrors";"0";"1";"mirrors";"479"
"533";"533";"Reggae";"Reggae";"0";"1";"reggae";"12"
"534";"534";"Shoe Racks";"Shoe Racks";"0";"1";"shoe racks";"479"
"535";"535";"Equipment Bags";"Equipment Bags";"0";"1";"equipment bags";"480"
"536";"536";"Case & Bag Accessories";"Case & Bag Accessories";"0";"1";"case bag accessories";"234"
"537";"537";"Umbrella Holders";"Umbrella Holders";"0";"1";"umbrella holders";"479"
"538";"538";"Footwear";"Footwear";"0";"1";"footwear";"480"
"539";"539";"Home Bar Furniture";"Home Bar Furniture";"0";"1";"home bar furniture";"4"
"540";"540";"Belts & Harnesses";"Belts & Harnesses";"0";"1";"belts harnesses";"536"
"541";"541";"Economic Policy & Development";"Economic Policy & Development";"0";"1";"economic policy development";"386"
"542";"542";"Men";"Men";"0";"1";"men";"538"
"543";"543";"Environmental Economics";"Environmental Economics";"0";"1";"environmental economics";"386"
"544";"544";"Fantasy, Science Fiction & Horror";"Fantasy, Science Fiction & Horror";"0";"1";"fantasy science fiction horror";"413"
"545";"545";"Facial Steamers";"Facial Steamers";"0";"1";"facial steamers";"323"
"546";"546";"Mat Cutter Blades";"Mat Cutter Blades";"0";"1";"mat cutter blades";"433"
"547";"547";"Foot Care";"Foot Care";"0";"1";"foot care";"323"
"548";"548";"Hobos & Shoulder Bags";"Hobos & Shoulder Bags";"0";"1";"hobos shoulder bags";"435"
"549";"549";"Accessories";"Accessories";"0";"1";"accessories";"493"
"550";"550";"Messenger Bags";"Messenger Bags";"0";"1";"messenger bags";"435"
"551";"551";"Garden and Outdoor Furniture";"Garden and Outdoor Furniture";"0";"1";"garden outdoor furniture";"157"
"552";"552";"Barbecue Utensils";"Barbecue Utensils";"0";"1";"barbecue utensils";"203"
"553";"553";"Accessory Kits";"Accessory Kits";"0";"1";"accessory kits";"549"
"554";"554";"Batteries & Chargers";"Batteries & Chargers";"0";"1";"batteries chargers";"549"
"555";"555";"Hammocks, Swing Chairs & Accessories";"Hammocks, Swing Chairs & Accessories";"0";"1";"hammocks swing chairs accessories";"551"
"556";"556";"Eau de Parfum";"Eau de Parfum";"0";"1";"eau de parfum";"444"
"557";"557";"Tapes";"Tapes";"0";"1";"tapes";"208"
"558";"558";"Cables & Adapters";"Cables & Adapters";"0";"1";"cables adapters";"549"
"559";"559";"Zip Media";"Zip Media";"0";"1";"zip media";"208"
"560";"560";"Hammocks";"Hammocks";"0";"1";"hammocks";"555"
"561";"561";"Cables";"Cables";"0";"1";"cables";"59"
"562";"562";"Barbecue Skewers";"Barbecue Skewers";"0";"1";"barbecue skewers";"552"
"563";"563";"Potlis & Wristlets";"Potlis & Wristlets";"0";"1";"potlis wristlets";"435"
"564";"564";"Barbecue Tongs";"Barbecue Tongs";"0";"1";"barbecue tongs";"552"
"565";"565";"DVI Cables";"DVI Cables";"0";"1";"dvi cables";"561"
"566";"566";"Callus Shavers";"Callus Shavers";"0";"1";"callus shavers";"547"
"567";"567";"Barbecue Turners";"Barbecue Turners";"0";"1";"barbecue turners";"552"
"568";"568";"DisplayPort Cables";"DisplayPort Cables";"0";"1";"displayport cables";"561"
"569";"569";"Barbecues";"Barbecues";"0";"1";"barbecues";"203"
"570";"570";"Ethernet Cables";"Ethernet Cables";"0";"1";"ethernet cables";"561"
"571";"571";"Mat Cutters";"Mat Cutters";"0";"1";"mat cutters";"433"
"572";"572";"FDD Cables";"FDD Cables";"0";"1";"fdd cables";"561"
"573";"573";"Fantasy";"Fantasy";"0";"1";"fantasy";"544"
"574";"574";"Beekeeping Equipment";"Beekeeping Equipment";"0";"1";"beekeeping equipment";"104"
"575";"575";"Drawing";"Drawing";"0";"1";"drawing";"67"
"576";"576";"Horror & Ghost Stories";"Horror & Ghost Stories";"0";"1";"horror ghost stories";"544"
"577";"577";"Free Enterprise";"Free Enterprise";"0";"1";"free enterprise";"386"
"578";"578";"Bee Protective Gear";"Bee Protective Gear";"0";"1";"bee protective gear";"574"
"579";"579";"Nets";"Nets";"0";"1";"nets";"480"
"580";"580";"Art Blenders";"Art Blenders";"0";"1";"art blenders";"575"
"581";"581";"Beekeeping Tools";"Beekeeping Tools";"0";"1";"beekeeping tools";"574"
"582";"582";"Art Horses";"Art Horses";"0";"1";"art horses";"575"
"583";"583";"Garden and Outdoor Furniture";"Garden and Outdoor Furniture";"0";"1";"garden outdoor furniture";"104"
"584";"584";"Belts";"Belts";"0";"1";"belts";"540"
"585";"585";"Inflation";"Inflation";"0";"1";"inflation";"386"
"586";"586";"Harnesses";"Harnesses";"0";"1";"harnesses";"540"
"587";"587";"Bar Cabinets";"Bar Cabinets";"0";"1";"bar cabinets";"539"
"588";"588";"Art Paper";"Art Paper";"0";"1";"art paper";"575"
"589";"589";"Racquets";"Racquets";"0";"1";"racquets";"480"
"590";"590";"Rock";"Rock";"0";"1";"rock";"12"
"591";"591";"Racquet Grips";"Racquet Grips";"0";"1";"racquet grips";"480"
"592";"592";"Airbrush Paper";"Airbrush Paper";"0";"1";"airbrush paper";"588"
"593";"593";"Rolls";"Rolls";"0";"1";"rolls";"516"
"594";"594";"Walking Shoes";"Walking Shoes";"0";"1";"walking shoes";"463"
"595";"595";"Towers";"Towers";"0";"1";"towers";"516"
"596";"596";"Indoor Climbers & Play Structures";"Indoor Climbers & Play Structures";"0";"1";"indoor climbers play structures";"311"
"597";"597";"Government Recruitment";"Government Recruitment";"0";"1";"government recruitment";"397"
"598";"598";"Coats & Jackets";"Coats & Jackets";"0";"1";"coats jackets";"87"
"599";"599";"Sand Art";"Sand Art";"0";"1";"s art";"313"
"600";"600";"Management Entrance";"Management Entrance";"0";"1";"management entrance";"397"
"601";"601";"Scratch Art";"Scratch Art";"0";"1";"scratch art";"313"
"602";"602";"Coats";"Coats";"0";"1";"coats";"598"
"603";"603";"Motor Activity Toys";"Motor Activity Toys";"0";"1";"motor activity toys";"311"
"604";"604";"Trays";"Trays";"0";"1";"trays";"516"
"605";"605";"Outdoor Multisport Training Shoes";"Outdoor Multisport Training Shoes";"0";"1";"outdoor multisport training shoes";"463"
"606";"606";"Pull Along Toys";"Pull Along Toys";"0";"1";"pull along toys";"311"
"607";"607";"Charcoal Paper";"Charcoal Paper";"0";"1";"charcoal paper";"588"
"608";"608";"Shuttlecocks";"Shuttlecocks";"0";"1";"shuttlecocks";"480"
"609";"609";"Rocking & Spring Ride-Ons";"Rocking & Spring Ride-Ons";"0";"1";"rocking spring ride-ons";"311"
"610";"610";"Sound Effects & Nature";"Sound Effects & Nature";"0";"1";"sound effects nature";"12"
"611";"611";"Soft Toys";"Soft Toys";"0";"1";"soft toys";"311"
"612";"612";"Cases & Bags";"Cases & Bags";"0";"1";"cases bags";"234"
"613";"613";"Soundtracks & Musicals";"Soundtracks & Musicals";"0";"1";"soundtracks musicals";"12"
"614";"614";"Binocular Cases";"Binocular Cases";"0";"1";"binocular cases";"612"
"615";"615";"Film Music";"Film Music";"0";"1";"film music";"613"
"616";"616";"Camcorder Cases";"Camcorder Cases";"0";"1";"camcorder cases";"612"
"617";"617";"Bar Sets";"Bar Sets";"0";"1";"bar sets";"539"
"618";"618";"Hammocks, Swing Chairs & Accessories";"Hammocks, Swing Chairs & Accessories";"0";"1";"hammocks swing chairs accessories";"583"
"619";"619";"Sorting, Stacking & Plugging Toys";"Sorting, Stacking & Plugging Toys";"0";"1";"sorting stacking plugging toys";"311"
"620";"620";"Interest";"Interest";"0";"1";"interest";"386"
"621";"621";"Sound Toys";"Sound Toys";"0";"1";"sound toys";"311"
"622";"622";"Hammocks";"Hammocks";"0";"1";"hammocks";"618"
"623";"623";"Science Fiction";"Science Fiction";"0";"1";"science fiction";"544"
"624";"624";"HDMI Cables";"HDMI Cables";"0";"1";"hdmi cables";"561"
"625";"625";"Callus Stones";"Callus Stones";"0";"1";"callus stones";"547"
"626";"626";"Satchels";"Satchels";"0";"1";"satchels";"435"
"627";"627";"Swing Chairs";"Swing Chairs";"0";"1";"swing chairs";"555"
"628";"628";"Foot Creams & Lotions";"Foot Creams & Lotions";"0";"1";"foot creams lotions";"547"
"629";"629";"Cases & Protectors";"Cases & Protectors";"0";"1";"cases protectors";"549"
"630";"630";"Moisturizing Socks";"Moisturizing Socks";"0";"1";"moisturizing socks";"547"
"631";"631";"Controllers";"Controllers";"0";"1";"controllers";"549"
"632";"632";"Scrubs";"Scrubs";"0";"1";"scrubs";"547"
"633";"633";"Headsets";"Headsets";"0";"1";"headsets";"549"
"634";"634";"Shoe Deodorant";"Shoe Deodorant";"0";"1";"shoe deodorant";"547"
"635";"635";"Memory Units & Harddrives";"Memory Units & Harddrives";"0";"1";"memory units harddrives";"549"
"636";"636";"Shoe Pads";"Shoe Pads";"0";"1";"shoe pads";"547"
"637";"637";"Skins";"Skins";"0";"1";"skins";"549"
"638";"638";"Hair Combs, Wigs & Accessories";"Hair Combs, Wigs & Accessories";"0";"1";"hair combs wigs accessories";"323"
"639";"639";"Eau de Cologne";"Eau de Cologne";"0";"1";"eau de cologne";"444"
"640";"640";"Thumb Grips";"Thumb Grips";"0";"1";"thumb grips";"549"
"641";"641";"Patio Benches & Stools";"Patio Benches & Stools";"0";"1";"patio benches stools";"551"
"642";"642";"Xbox 360";"Xbox 360";"0";"1";"xbox 360";"2"
"643";"643";"Sling & Cross-Body Bags";"Sling & Cross-Body Bags";"0";"1";"sling cross-body bags";"435"
"644";"644";"IDE Cables";"IDE Cables";"0";"1";"ide cables";"561"
"645";"645";"Totes";"Totes";"0";"1";"totes";"435"
"646";"646";"Games";"Games";"0";"1";"games";"642"
"647";"647";"Games, Toys & Activities";"Games, Toys & Activities";"0";"1";"games toys activities";"413"
"648";"648";"Swing Chairs";"Swing Chairs";"0";"1";"swing chairs";"618"
"649";"649";"Wallets";"Wallets";"0";"1";"wallets";"435"
"650";"650";"Historical Fiction";"Historical Fiction";"0";"1";"historical fiction";"413"
"651";"651";"Patio Benches & Stools";"Patio Benches & Stools";"0";"1";"patio benches stools";"583"
"652";"652";"Consoles";"Consoles";"0";"1";"consoles";"642"
"653";"653";"History";"History";"0";"1";"history";"413"
"654";"654";"Spinning & Battling Tops";"Spinning & Battling Tops";"0";"1";"spinning battling tops";"311"
"655";"655";"Humour";"Humour";"0";"1";"humour";"413"
"656";"656";"Labor & Industrial Relations";"Labor & Industrial Relations";"0";"1";"labor industrial relations";"386"
"657";"657";"Teaching Clocks";"Teaching Clocks";"0";"1";"teaching clocks";"311"
"658";"658";"Camera & Camcorder Combination Bags";"Camera & Camcorder Combination Bags";"0";"1";"camera camcorder combination bags";"612"
"659";"659";"Barstools";"Barstools";"0";"1";"barstools";"539"
"660";"660";"Interactive & Activity Books";"Interactive & Activity Books";"0";"1";"interactive activity books";"413"
"661";"661";"Language Learning";"Language Learning";"0";"1";"language learning";"413"
"662";"662";"Literature & Fiction";"Literature & Fiction";"0";"1";"literature fiction";"413"
"663";"663";"Wine Racks";"Wine Racks";"0";"1";"wine racks";"539"
"664";"664";"Classic Fiction";"Classic Fiction";"0";"1";"classic fiction";"662"
"665";"665";"Camera Backpacks";"Camera Backpacks";"0";"1";"camera backpacks";"612"
"666";"666";"Camera Cases";"Camera Cases";"0";"1";"camera cases";"612"
"667";"667";"Musicals";"Musicals";"0";"1";"musicals";"613"
"668";"668";"Special Interest";"Special Interest";"0";"1";"special interest";"12"
"669";"669";"Sufi & Qawwali";"Sufi & Qawwali";"0";"1";"sufi qawwali";"12"
"670";"670";"Western Classical";"Western Classical";"0";"1";"western classical";"12"
"671";"671";"Ballet & Dance";"Ballet & Dance";"0";"1";"ballet dance";"670"
"672";"672";"Strings";"Strings";"0";"1";"strings";"480"
"673";"673";"Walkers";"Walkers";"0";"1";"walkers";"85"
"674";"674";"Drawing Paper";"Drawing Paper";"0";"1";"drawing paper";"588"
"675";"675";"Baseball";"Baseball";"0";"1";"baseball";"17"
"676";"676";"Running Shoes";"Running Shoes";"0";"1";"running shoes";"463"
"677";"677";"Cleaning & Care";"Cleaning & Care";"0";"1";"cleaning care";"476"
"678";"678";"Skateboarding Shoes";"Skateboarding Shoes";"0";"1";"skateboarding shoes";"463"
"679";"679";"Baseballs";"Baseballs";"0";"1";"baseballs";"675"
"680";"680";"Pouches";"Pouches";"0";"1";"pouches";"476"
"681";"681";"Gilets";"Gilets";"0";"1";"gilets";"598"
"682";"682";"Bats";"Bats";"0";"1";"bats";"675"
"683";"683";"Ring Cushions";"Ring Cushions";"0";"1";"ring cushions";"476"
"684";"684";"Batting Gloves";"Batting Gloves";"0";"1";"batting gloves";"675"
"685";"685";"Ring Sizers";"Ring Sizers";"0";"1";"ring sizers";"476"
"686";"686";"Newsprint Paper";"Newsprint Paper";"0";"1";"newsprint paper";"588"
"687";"687";"Wood";"Wood";"0";"1";"wood";"313"
"688";"688";"Medical Entrance";"Medical Entrance";"0";"1";"medical entrance";"397"
"689";"689";"Tennis Shoes";"Tennis Shoes";"0";"1";"tennis shoes";"463"
"690";"690";"Doodle & Scribbler Boards";"Doodle & Scribbler Boards";"0";"1";"doodle scribbler boards";"172"
"691";"691";"Pastel Paper";"Pastel Paper";"0";"1";"pastel paper";"588"
"692";"692";"Drawing & Painting Supplies";"Drawing & Painting Supplies";"0";"1";"drawing painting supplies";"172"
"693";"693";"Track & Field Shoes";"Track & Field Shoes";"0";"1";"track field shoes";"463"
"694";"694";"Warranties";"Warranties";"0";"1";"warranties";"476"
"695";"695";"Jackets";"Jackets";"0";"1";"jackets";"598"
"696";"696";"Anklets";"Anklets";"0";"1";"anklets";"21"
"697";"697";"Sweaters";"Sweaters";"0";"1";"sweaters";"87"
"698";"698";"Body Jewellery";"Body Jewellery";"0";"1";"body jewellery";"21"
"699";"699";"Chalk";"Chalk";"0";"1";"chalk";"692"
"700";"700";"Cardigans";"Cardigans";"0";"1";"cardigans";"697"
"701";"701";"Kids Coloured Pencils";"Kids Coloured Pencils";"0";"1";"kids coloured pencils";"692"
"702";"702";"Basketball";"Basketball";"0";"1";"basketball";"17"
"703";"703";"Baby Care";"Baby Care";"0";"1";"baby care";"33"
"704";"704";"Ponchos & Capes";"Ponchos & Capes";"0";"1";"ponchos capes";"697"
"705";"705";"Shrugs";"Shrugs";"0";"1";"shrugs";"697"
"706";"706";"Backboard Accessories";"Backboard Accessories";"0";"1";"backboard accessories";"702"
"707";"707";"Pullovers";"Pullovers";"0";"1";"pullovers";"697"
"708";"708";"Backboards";"Backboards";"0";"1";"backboards";"702"
"709";"709";"Sweatshirts & Hoodies";"Sweatshirts & Hoodies";"0";"1";"sweatshirts hoodies";"87"
"710";"710";"Basketballs";"Basketballs";"0";"1";"basketballs";"702"
"711";"711";"Baby Grooming";"Baby Grooming";"0";"1";"baby grooming";"703"
"712";"712";"Macroeconomics";"Macroeconomics";"0";"1";"macroeconomics";"386"
"713";"713";"Hoodies";"Hoodies";"0";"1";"hoodies";"709"
"714";"714";"Air Pumps & Accessories";"Air Pumps & Accessories";"0";"1";"air pumps accessories";"702"
"715";"715";"Chamber Music";"Chamber Music";"0";"1";"chamber music";"670"
"716";"716";"Sweatshirts";"Sweatshirts";"0";"1";"sweatshirts";"709"
"717";"717";"Opera & Vocal";"Opera & Vocal";"0";"1";"opera vocal";"670"
"718";"718";"Drama";"Drama";"0";"1";"drama";"662"
"719";"719";"Billiards";"Billiards";"0";"1";"billiards";"17"
"720";"720";"Poetry";"Poetry";"0";"1";"poetry";"662"
"721";"721";"Lens Cases";"Lens Cases";"0";"1";"lens cases";"612"
"722";"722";"Short Stories";"Short Stories";"0";"1";"short stories";"662"
"723";"723";"Lighting Cases";"Lighting Cases";"0";"1";"lighting cases";"612"
"724";"724";"Money & Jobs";"Money & Jobs";"0";"1";"money jobs";"413"
"725";"725";"Microscope Cases";"Microscope Cases";"0";"1";"microscope cases";"612"
"726";"726";"Mysteries & Curiosities";"Mysteries & Curiosities";"0";"1";"mysteries curiosities";"413"
"727";"727";"Telescope Cases";"Telescope Cases";"0";"1";"telescope cases";"612"
"728";"728";"Billiard Tables";"Billiard Tables";"0";"1";"billiard tables";"719"
"729";"729";"Kids' Furniture";"Kids' Furniture";"0";"1";"kids furniture";"4"
"730";"730";"Accessories";"Accessories";"0";"1";"accessories";"642"
"731";"731";"Luggage";"Luggage";"0";"1";"luggage";"18"
"732";"732";"Beds";"Beds";"0";"1";"beds";"729"
"733";"733";"Patio Chairs";"Patio Chairs";"0";"1";"patio chairs";"583"
"734";"734";"Bookcases";"Bookcases";"0";"1";"bookcases";"729"
"735";"735";"Briefcases";"Briefcases";"0";"1";"briefcases";"731"
"736";"736";"Chairs";"Chairs";"0";"1";"chairs";"729"
"737";"737";"Folding Chairs";"Folding Chairs";"0";"1";"folding chairs";"733"
"738";"738";"Children's Luggage";"Children's Luggage";"0";"1";"children s luggage";"731"
"739";"739";"Rocking Chairs";"Rocking Chairs";"0";"1";"rocking chairs";"733"
"740";"740";"Bean Bags";"Bean Bags";"0";"1";"bean bags";"736"
"741";"741";"PS/2 Cables";"PS/2 Cables";"0";"1";"ps/2 cables";"561"
"742";"742";"Luggage Cosmetic Cases";"Luggage Cosmetic Cases";"0";"1";"luggage cosmetic cases";"731"
"743";"743";"Parallel Cables";"Parallel Cables";"0";"1";"parallel cables";"561"
"744";"744";"Patio Chairs";"Patio Chairs";"0";"1";"patio chairs";"551"
"745";"745";"RGB Cables";"RGB Cables";"0";"1";"rgb cables";"561"
"746";"746";"Brushes";"Brushes";"0";"1";"brushes";"638"
"747";"747";"Folding Chairs";"Folding Chairs";"0";"1";"folding chairs";"744"
"748";"748";"Braiders";"Braiders";"0";"1";"braiders";"638"
"749";"749";"Rocking Chairs";"Rocking Chairs";"0";"1";"rocking chairs";"744"
"750";"750";"Perfume";"Perfume";"0";"1";"perfume";"444"
"751";"751";"Combs";"Combs";"0";"1";"combs";"638"
"752";"752";"Attar";"Attar";"0";"1";"attar";"444"
"753";"753";"SAS Cables";"SAS Cables";"0";"1";"sas cables";"561"
"754";"754";"Body Sprays & Mists";"Body Sprays & Mists";"0";"1";"body sprays mists";"444"
"755";"755";"SCSI Cables";"SCSI Cables";"0";"1";"scsi cables";"561"
"756";"756";"Rattan, Bamboo, Casted & Moulded Chairs";"Rattan, Bamboo, Casted & Moulded Chairs";"0";"1";"rattan bamboo casted moulded chairs";"744"
"757";"757";"Serial Cables";"Serial Cables";"0";"1";"serial cables";"561"
"758";"758";"Desk Chairs";"Desk Chairs";"0";"1";"desk chairs";"736"
"759";"759";"USB Cables";"USB Cables";"0";"1";"usb cables";"561"
"760";"760";"Rattan, Bamboo, Casted & Moulded Chairs";"Rattan, Bamboo, Casted & Moulded Chairs";"0";"1";"rattan bamboo casted moulded chairs";"733"
"761";"761";"VGA Cables";"VGA Cables";"0";"1";"vga cables";"561"
"762";"762";"Patio Furniture Sets";"Patio Furniture Sets";"0";"1";"patio furniture sets";"583"
"763";"763";"Folding Chairs";"Folding Chairs";"0";"1";"folding chairs";"736"
"764";"764";"Luggage Sets";"Luggage Sets";"0";"1";"luggage sets";"731"
"765";"765";"Accessory Kits";"Accessory Kits";"0";"1";"accessory kits";"730"
"766";"766";"Bridge Heads";"Bridge Heads";"0";"1";"bridge heads";"719"
"767";"767";"Tripod & Monopod Bags";"Tripod & Monopod Bags";"0";"1";"tripod monopod bags";"612"
"768";"768";"Overnighter & Roller Cases";"Overnighter & Roller Cases";"0";"1";"overnighter roller cases";"731"
"769";"769";"Rocking Chairs";"Rocking Chairs";"0";"1";"rocking chairs";"736"
"770";"770";"Painting, Arts & Music";"Painting, Arts & Music";"0";"1";"painting arts music";"413"
"771";"771";"Bridges";"Bridges";"0";"1";"bridges";"719"
"772";"772";"Tripod & Monopod Head Cases";"Tripod & Monopod Head Cases";"0";"1";"tripod monopod head cases";"612"
"773";"773";"Accessories";"Accessories";"0";"1";"accessories";"87"
"774";"774";"Cleaners";"Cleaners";"0";"1";"cleaners";"234"
"775";"775";"Symphonies & Orchestral Works";"Symphonies & Orchestral Works";"0";"1";"symphonies orchestral works";"670"
"776";"776";"Microeconomics";"Microeconomics";"0";"1";"microeconomics";"386"
"777";"777";"World Music";"World Music";"0";"1";"world music";"12"
"778";"778";"Money & Monetary Policy";"Money & Monetary Policy";"0";"1";"money monetary policy";"386"
"779";"779";"Public Finance";"Public Finance";"0";"1";"public finance";"386"
"780";"780";"Arm Warmers & Muffs";"Arm Warmers & Muffs";"0";"1";"arm warmers muffs";"773"
"781";"781";"Sustainable Development";"Sustainable Development";"0";"1";"sustainable development";"386"
"782";"782";"Belts";"Belts";"0";"1";"belts";"773"
"783";"783";"Theory";"Theory";"0";"1";"theory";"386"
"784";"784";"Gloves & Mittens";"Gloves & Mittens";"0";"1";"gloves mittens";"773"
"785";"785";"Brushes & Combs";"Brushes & Combs";"0";"1";"brushes combs";"711"
"786";"786";"Colouring Pens & Markers";"Colouring Pens & Markers";"0";"1";"colouring pens markers";"692"
"787";"787";"Belly Chains";"Belly Chains";"0";"1";"belly chains";"698"
"788";"788";"Grooming Kits";"Grooming Kits";"0";"1";"grooming kits";"711"
"789";"789";"Crayons";"Crayons";"0";"1";"crayons";"692"
"790";"790";"Tracing Paper";"Tracing Paper";"0";"1";"tracing paper";"588"
"791";"791";"Finger Paint";"Finger Paint";"0";"1";"finger paint";"692"
"792";"792";"Trail Running Shoes";"Trail Running Shoes";"0";"1";"trail running shoes";"463"
"793";"793";"Piercing Jewellery";"Piercing Jewellery";"0";"1";"piercing jewellery";"698"
"794";"794";"Polytechnics & ITI";"Polytechnics & ITI";"0";"1";"polytechnics iti";"397"
"795";"795";"Watercolour Paper";"Watercolour Paper";"0";"1";"watercolour paper";"588"
"796";"796";"Glue, Paste & Tape";"Glue, Paste & Tape";"0";"1";"glue paste tape";"692"
"797";"797";"Art Sets";"Art Sets";"0";"1";"art sets";"575"
"798";"798";"Paintbrushes";"Paintbrushes";"0";"1";"paintbrushes";"692"
"799";"799";"Canvas";"Canvas";"0";"1";"canvas";"575"
"800";"800";"Painting Supply Sets";"Painting Supply Sets";"0";"1";"painting supply sets";"692"
"801";"801";"Paper";"Paper";"0";"1";"paper";"692"
"802";"802";"Pencil Erasers";"Pencil Erasers";"0";"1";"pencil erasers";"692"
"803";"803";"Triathlon Shoes";"Triathlon Shoes";"0";"1";"triathlon shoes";"463"
"804";"804";"Baby Laundry Detergents";"Baby Laundry Detergents";"0";"1";"baby laundry detergents";"703"
"805";"805";"Handkerchiefs";"Handkerchiefs";"0";"1";"h kerchiefs";"773"
